"Gene","log2FC","p_val","Instability_Score","Significant"
"Alb",-0.0567050051888778,0.567634372001321,64.3778047034782,"Non-Significant"
"LOC102916574",-0.0317726530083462,0.791524700841859,43.5853423443123,"Non-Significant"
"LOC102922186",-0.120157071781939,0.396495807467586,42.9782966069102,"Non-Significant"
"C3",-0.0925525182927558,0.446514676362852,42.7526900935924,"Non-Significant"
"Sparcl1",0.060389995254992,0.866830172783836,39.8033531636434,"Non-Significant"
"Apoa1",0.234996511557977,0.284422130776917,37.4861154688018,"Non-Significant"
"LOC102924626",-0.0592931702756445,0.709447801543211,37.169633385598,"Non-Significant"
"LOC102929108",-0.242081606649815,0.383769227590061,37.0934298988738,"Non-Significant"
"Eif3h",0.250186667712127,0.256780341700185,36.1798581360951,"Non-Significant"
"B3EWD4",0.971010245957856,0.0728479204156782,36.0104861868593,"Non-Significant"
"LOC102916060",0.924179383096183,0.156479010500521,34.8486385056823,"Non-Significant"
"LOC10",-0.285077723939651,0.406790127099834,32.6717681598949,"Non-Significant"
"Apob",0.0100222096608285,0.970923237007019,31.9521270223102,"Non-Significant"
"Plg",-0.11540277090501,0.00931590454862852,30.8044837530611,"Non-Significant"
"Apoa4",0.174612904190589,0.160416130159077,30.4916614370794,"Non-Significant"
"Cp",-0.179332738244604,0.0795256817126397,29.0239903812,"Non-Significant"
"LOC102920593",-0.196908053266853,0.450477858089238,28.070999469268,"Non-Significant"
"Hpx",-0.0739213996516206,0.600842590958504,26.9705043313054,"Non-Significant"
"C5",-0.19132033359454,0.0953924583319169,26.6843268279282,"Non-Significant"
"LOC102920046",0.0300803200493256,0.940433816589229,24.8621169376814,"Non-Significant"
"Vasn",0.0951891054492062,0.804787177352262,23.7820994333306,"Non-Significant"
"Fn1",0.02292425218101,0.854965932201277,23.5960125763391,"Non-Significant"
"Cfb",0.0698105003075398,0.484491381022154,23.1362154238714,"Non-Significant"
"HBA.1",1.00310113187343,0.0411514470937007,23.102208672221,"Significant"
"C4a",-0.0485336683755797,0.875198360933505,22.951319756682,"Non-Significant"
"Dsg2",0.141602021167676,0.397763737335039,22.8999012840546,"Non-Significant"
"LOC102913851",0.419097519635249,0.31343350241348,22.5221606067746,"Non-Significant"
"Tnc",0.39108736407886,0.209039217207568,22.4008083290138,"Non-Significant"
"Gc",-0.00623391204525703,0.96598158663496,22.2541527998874,"Non-Significant"
"Itih1",-0.185368771818045,0.0070239303652296,21.8541017811737,"Non-Significant"
"LOC102917237",-0.308198642443021,0.236433731290292,21.8338682089667,"Non-Significant"
"Lgals3bp",-0.395907206048518,0.35338761321173,21.7740457171245,"Non-Significant"
"Gsn",-0.062828221254712,0.529338408132731,20.9711051260456,"Non-Significant"
"Tpm3",0.346034182160317,0.264886753245963,20.877117579643,"Non-Significant"
"Tpi1",0.222686454587866,0.425460094787722,19.9365847528971,"Non-Significant"
"Itih2",-0.333258184848173,0.0355473254412866,19.6374720902491,"Non-Significant"
"LOC102924946",0.00498143333834733,0.977464345675353,19.4523609290448,"Non-Significant"
"Grn",0.148474616875523,0.6695880548288,18.3668880180462,"Non-Significant"
"Itih4",-0.246672392695434,0.0314904970498335,18.2926122484779,"Non-Significant"
"Arhgdia",0.256370927355134,0.415897369594755,17.9774626328641,"Non-Significant"
"Kctd12",-0.0733670947226539,0.659774458506597,17.8856928944283,"Non-Significant"
"F2",0.00236274088237565,0.983339561595163,17.8636796383606,"Non-Significant"
"Capns1",0.190158530369827,0.461038300335933,17.6940104802035,"Non-Significant"
"Apoc3",0.259942326652883,0.513290371268775,17.3849100659845,"Non-Significant"
"LOC102928203",0.392351672658471,0.30131711778132,17.3102383555637,"Non-Significant"
"LOC102904734",-0.241558853222402,0.325490818220634,16.8055811227145,"Non-Significant"
"Ahcy",0.202662211261725,0.675438501366248,16.8052524571289,"Non-Significant"
"C6",-0.00261874930583161,0.981117699647394,16.4959632792052,"Non-Significant"
"Itga11",0.0433132101653317,0.790053329044739,16.4115457126473,"Non-Significant"
"Itih3",-0.243807838765711,0.359308425459325,16.1516184214597,"Non-Significant"
"Klkb1",0.0530476434714338,0.486221984238219,16.0632981711182,"Non-Significant"
"Serpinc1",-0.456145728982598,0.00217340283608313,16.0166978126825,"Non-Significant"
"Thbs1",-0.111195359297099,0.593328397041328,15.9682315326376,"Non-Significant"
"Lrp1",0.232128931696476,0.3944194537669,15.8964955004903,"Non-Significant"
"Tubb1",0.634413154587325,0.196894207508336,15.6143797528421,"Non-Significant"
"LOC102907807",0.0973774362190643,0.56659587285151,15.5112219469688,"Non-Significant"
"Asl",0.738508832975388,0.0867830996288691,15.4484902558606,"Non-Significant"
"Coro1a",0.0768060001390705,0.837384635286566,15.2534456135252,"Non-Significant"
"Lbp",0.160843105458515,0.51380280211729,15.2421151412244,"Non-Significant"
"Lcat.1",-0.0494220975560467,0.777707791646971,15.1345937685099,"Non-Significant"
"Cst6",0.129642745187059,0.531619026249535,15.0273099927128,"Non-Significant"
"Cfi",-0.271217730946731,0.337098245637047,14.9802530300028,"Non-Significant"
"Naglu",-0.156658199590716,0.279604748972185,14.7539982202261,"Non-Significant"
"Myo16",0.523156477679134,0.175022060119402,14.4987664187333,"Non-Significant"
"Ckm",0.153915019579722,0.658565645349964,14.4838795337361,"Non-Significant"
"Fetub",-0.240491221074262,0.126467398738187,14.4586429871576,"Non-Significant"
"Clu",-0.20134930786196,0.0770058781375158,14.4328832489506,"Non-Significant"
"LOC102923082",-0.0427198484201874,0.794380441121536,14.3576280221489,"Non-Significant"
"Igfbp4",0.122786299359928,0.602567366627052,14.1704562646696,"Non-Significant"
"Actn1",0.499244067466941,0.154458441632174,14.1320872427247,"Non-Significant"
"LOC102912709",0.127401979575744,0.146771988226888,14.0103144269008,"Non-Significant"
"LOC102923955",0.644309629489211,0.0997815215293721,13.9896198376022,"Non-Significant"
"LOC102910240",0.388153694936065,0.134578425072656,13.9218591280139,"Non-Significant"
"Gpld1",0.148439514606846,0.384806763642385,13.6459968582117,"Non-Significant"
"Man2b1",0.0713903702376619,0.697553591155708,13.6333867025171,"Non-Significant"
"Antxr2",0.209806200899498,0.0611306577874306,13.358050732384,"Non-Significant"
"LOC102913681",0.291260636911277,0.426773205242133,13.3530919366155,"Non-Significant"
"LOC102913812",-0.184748814283928,0.527237891310237,13.1863591655965,"Non-Significant"
"Plxdc2",0.292054038744684,0.0856279614897357,13.1196603522021,"Non-Significant"
"Hdac2",0.0701559834376528,0.893285389722533,12.8318623008204,"Non-Significant"
"LOC102903835",0.94286603162201,0.109140280122055,12.7262062200722,"Non-Significant"
"Apoe",-0.000831693350626495,0.998170741313941,12.7188027184763,"Non-Significant"
"HBB",0.925216094068833,0.0758353192099629,12.451813958345,"Non-Significant"
"Psmb5",0.303762519014233,0.0258331158526165,12.3683568166673,"Non-Significant"
"Ctsb",0.110300183622181,0.513001568132455,12.3135391208146,"Non-Significant"
"Mmp19",0.0703814165387957,0.716527871338023,12.1973532811726,"Non-Significant"
"LOC102916072",-0.135248017689921,0.41001397803851,12.1686979397642,"Non-Significant"
"Adipoq",-0.215153605770823,0.472921194149618,12.1649906680366,"Non-Significant"
"Serpinf2",-0.158156400405215,0.354117521361308,12.114737368302,"Non-Significant"
"Cd44",-0.148262025272915,0.0661632813583571,12.0666183762601,"Non-Significant"
"LOC107399335",-0.485128733028905,0.333580877204522,11.8973641449786,"Non-Significant"
"Arpc2",0.0436470974757235,0.798259603940335,11.8143437875959,"Non-Significant"
"Tln1",0.231818770588088,0.256114961824836,11.8132047867102,"Non-Significant"
"LOC102926683",-0.0623081230614595,0.945851134446045,11.790888930368,"Non-Significant"
"Hp",0.847137829273404,0.352067305681572,11.752711777928,"Non-Significant"
"Arg1",0.475164025326849,0.155671590880234,11.7159286523761,"Non-Significant"
"LOC102917907",0.281464223123358,0.534007896015193,11.5951332246048,"Non-Significant"
"Pam",0.1462780397347,0.488739082693499,11.5146387318121,"Non-Significant"
"Pcsk9",-0.04174540051193,0.852529299826946,11.3917588540098,"Non-Significant"
"Apoh",-0.119891715438442,0.468568109415236,11.3231961286985,"Non-Significant"
"C8b",0.0269488355773753,0.904179607296602,11.0603745175987,"Non-Significant"
"Plek",0.236986597633743,0.546329520096506,11.0215979738628,"Non-Significant"
"Cat",0.378933293995141,0.0913902554798833,10.9886520438359,"Non-Significant"
"Rsu1",0.473631235151579,0.203887809990912,10.843535621049,"Non-Significant"
"Ahsg",-0.403223753756965,0.157699777850645,10.842655665488,"Non-Significant"
"LOC102919463",-0.126492169539816,0.515930041533403,10.8199589435643,"Non-Significant"
"Rbp4",-0.236612906723227,0.00224277605986675,10.75533403684,"Non-Significant"
"LOC102910862",-0.1361247681882,0.418645202759337,10.7407304481615,"Non-Significant"
"C9",-0.107874880873691,0.493780811933142,10.6959469691643,"Non-Significant"
"Itgb3",0.176737767228536,0.291529422113995,10.6396653172962,"Non-Significant"
"Pon1",0.0982468456474095,0.733524735675215,10.6030784922182,"Non-Significant"
"Cotl1",0.211945107979655,0.485397500275113,10.5743347272992,"Non-Significant"
"Itgb1",0.0412406237162486,0.822851329372594,9.98352018602976,"Non-Significant"
"F5",-0.058533506706528,0.733733897439228,9.91728913535711,"Non-Significant"
"S",-0.410641568607154,0.131965189051278,9.80561424091302,"Non-Significant"
"Vtn",-0.23241694918957,0.180411050925789,9.79909607882029,"Non-Significant"
"Tagln2",0.289587571501523,0.334618410486657,9.70679066659487,"Non-Significant"
"Cit",0.187142151005773,0.435945071334998,9.70120712645178,"Non-Significant"
"Myl6",0.645951194735808,0.103625669270167,9.60076633978628,"Non-Significant"
"Serpind1",-0.122917858200509,0.10511640915868,9.51677276990412,"Non-Significant"
"LOC102905923",-0.145578213998764,0.63950357968634,9.45907484040129,"Non-Significant"
"LOC102928403",-0.175742200045764,0.636136983334375,9.43436990919176,"Non-Significant"
"Kng1.1",-0.124080422173002,0.136356653809341,9.42617392920265,"Non-Significant"
"Tmsb4x",0.357925076899246,0.365744231379508,9.35957172133297,"Non-Significant"
"LOC102917546",0.399563961936007,0.215748338794613,9.28401534990848,"Non-Significant"
"Bpgm",0.619143969963035,0.135325094641204,9.2058660503106,"Non-Significant"
"LOC102923817",-0.146206794561657,0.776739039882905,9.13395001400448,"Non-Significant"
"Ttr",-0.138319354858538,0.223510619024386,9.1094236763275,"Non-Significant"
"Igfbp3",-0.357658823989503,0.204009460222623,9.0827633293298,"Non-Significant"
"C7",-0.00386014036741145,0.967813425803487,9.01442313978174,"Non-Significant"
"Kng1",-0.324504530353064,0.133739175267811,8.99133042559035,"Non-Significant"
"LOC102913659",-0.312159734162158,0.21856781094715,8.96876980533509,"Non-Significant"
"Aldob",0.58492798436362,0.010095427731102,8.95174523846334,"Non-Significant"
"Psmb7",0.15619864085564,0.311159541609307,8.88735634139009,"Non-Significant"
"Adamts13",-0.241931896676578,0.339320333744942,8.78408636661119,"Non-Significant"
"Afm",-0.146038360737833,0.529314627732802,8.74854214780178,"Non-Significant"
"Flna",0.467879644219511,0.14670431987467,8.63246891725724,"Non-Significant"
"Pygl",0.417738030366415,0.102977029916507,8.56375544722769,"Non-Significant"
"LOC102907422",-0.129606580173469,0.387420444276029,8.55030726865363,"Non-Significant"
"Pi16",-0.743373987748402,0.0288542204991967,8.51245414288264,"Significant"
"Man2a1",0.054168265058637,0.776593787847208,8.51123618143705,"Non-Significant"
"LOC102915717",0.119963473825006,0.562862261603529,8.48347485820552,"Non-Significant"
"LOC102905900",0.128276738739935,0.530606184268327,8.38661056632152,"Non-Significant"
"Pros1",0.0758032893954805,0.490890315783657,8.35845396240142,"Non-Significant"
"LOC102929138",0.447390110564866,0.323158287494825,8.33273190660378,"Non-Significant"
"Gdf11",-0.129486854557632,0.521925728165221,8.29855267892075,"Non-Significant"
"F13a1",0.180318603832262,0.311897614804991,8.2708083953921,"Non-Significant"
"Serpina6",-0.276949624843244,0.345303489239847,8.18554657133417,"Non-Significant"
"Cdc27",0.0412010390402244,0.889177216547649,8.16993737754063,"Non-Significant"
"Bhmt",0.360062451103165,0.236105203442793,8.14949344454681,"Non-Significant"
"Minpp1",-0.0403341083642133,0.70640847093385,8.13020377753222,"Non-Significant"
"Psmb4",0.0741212147774419,0.757177124502469,8.06577079058484,"Non-Significant"
"Nucb1",-0.099326107810942,0.46143118940332,8.02633194643299,"Non-Significant"
"Serpina4",-0.145437196347494,0.274387157261102,7.99642391345495,"Non-Significant"
"Pdia3",0.0406466604028441,0.848109884004886,7.95499241297128,"Non-Significant"
"Ggh",-0.0601161043342344,0.464015229674047,7.90412437365491,"Non-Significant"
"Mst1",-0.097360135671428,0.334707656139736,7.8966907020846,"Non-Significant"
"Lpl",0.233545626219442,0.232247697430568,7.89430026840133,"Non-Significant"
"Gapdh",0.285689947213124,0.290255315849898,7.88999299921176,"Non-Significant"
"Hgfac",-0.34915043972811,0.0571243137767748,7.83021759195487,"Non-Significant"
"Ca1",0.840747537142226,0.00531804679229978,7.80974846506669,"Significant"
"Osgepl1",0.183797801382786,0.227564057510536,7.74733037961487,"Non-Significant"
"LOC102915780",0.370008699723346,0.0699540015409831,7.71490893111863,"Non-Significant"
"Egfr",-0.0723623494252656,0.645779096353948,7.70826125224971,"Non-Significant"
"Vcl",0.312977053537743,0.250910134346768,7.68869247869847,"Non-Significant"
"Arpc1b",0.612257911972762,0.0741480298512174,7.65935626178934,"Non-Significant"
"Lap3",0.216002758806223,0.291237381789849,7.6322734720406,"Non-Significant"
"LOC102927578",0.501577967078237,0.194583832706324,7.60429921724043,"Non-Significant"
"F10",-0.257893062379619,0.0655425521346321,7.5901381400522,"Non-Significant"
"Vcam1",0.0694555123043408,0.472159672595399,7.55529238695078,"Non-Significant"
"L",-0.0293855430702337,0.907756943531246,7.54823417986448,"Non-Significant"
"Cndp1",0.683335661975294,0.0707811030311049,7.50097490011889,"Non-Significant"
"B2m",-0.50049444400055,0.0378666067223929,7.47729251895539,"Non-Significant"
"Pkm",0.383222790425897,0.0456565434908022,7.47228079262478,"Non-Significant"
"App",-0.222947873960859,0.358094878642555,7.47057290991228,"Non-Significant"
"LOC102923621",0.227557792425049,0.208621376569536,7.4560512026215,"Non-Significant"
"Serpinf1",-0.191487984370927,0.236667567752173,7.43782657112364,"Non-Significant"
"LOC102926",0.404310461113042,0.0849845099797765,7.42724983565724,"Non-Significant"
"Cgn",-0.287671724647428,0.563785138090387,7.4229404394075,"Non-Significant"
"Apoc2",0.233068041388975,0.400272299629811,7.34895392631732,"Non-Significant"
"Myh9",0.479875597960694,0.139877256269156,7.3042080003432,"Non-Significant"
"Spp2",0.0885972522840568,0.799214547135099,7.30407197735551,"Non-Significant"
"Jchain",-1.37037549621404,0.374540282521375,7.27218703601401,"Non-Significant"
"Azgp1",-0.115392678355839,0.293667230197745,7.26560576545628,"Non-Significant"
"Cd109",-0.00190922776836189,0.983749266545572,7.24528303101096,"Non-Significant"
"Psmb3",-0.118969843646104,0.696535608695974,7.16856142336561,"Non-Significant"
"Cpb2",-0.015485895957454,0.749804326996023,7.16685455589443,"Non-Significant"
"Cfp",-0.328598411670086,0.289547750386977,7.16569327182543,"Non-Significant"
"LOC102923238",-0.0504316701501573,0.772984052771172,7.16094412801329,"Non-Significant"
"LOC102917436",0.385646959682333,0.0676170378834328,7.15013765303366,"Non-Significant"
"C1qa",0.624276436645617,0.0230883271168066,7.09719952650401,"Significant"
"Proz",0.0949709034754473,0.640514568254489,7.07647309935403,"Non-Significant"
"Aldoa",0.269949237124212,0.15324125354063,7.07496346349476,"Non-Significant"
"Rap1b",0.369368013829957,0.320312528043103,7.04781978224211,"Non-Significant"
"Cd5l",-0.589143193256705,0.0543963964884702,7.04272839558091,"Non-Significant"
"Postn",0.0514852038209312,0.634373094716326,7.02411429746208,"Non-Significant"
"LOC102919005",-0.25375633332256,0.0349857355761699,6.96880231625598,"Non-Significant"
"Anpep",0.195392935620777,0.121414458362673,6.95816214115889,"Non-Significant"
"F13b",0.237827283316856,0.310325162078247,6.92998186517859,"Non-Significant"
"Serpina10",-0.323935115370588,0.0857158762379256,6.87576187392437,"Non-Significant"
"LOC102923317",-0.11837060137796,0.656178477250581,6.8734427342156,"Non-Significant"
"LOC102917133",0.169673132834429,0.194418998694398,6.84600273249064,"Non-Significant"
"Serpinb10",0.561834880424287,0.148563169491434,6.77612155581279,"Non-Significant"
"F12",-0.0934098875556373,0.28195902198562,6.75298783183396,"Non-Significant"
"Ctsf",-0.0593465263613986,0.680382995155495,6.74405871505518,"Non-Significant"
"Psma1",0.115860442698896,0.539815563589262,6.74035019707889,"Non-Significant"
"Xdh",0.329933329445458,0.269384958699642,6.73548251499513,"Non-Significant"
"Apoc4",0.0765918955159606,0.73490353769394,6.73213560287276,"Non-Significant"
"Pcyox1",0.105634783267226,0.466854786916511,6.72527438115253,"Non-Significant"
"Ywhaz",0.411209051392342,0.116251196264568,6.69693087899791,"Non-Significant"
"Psap",0.0729946062030891,0.553369565982536,6.69339120890709,"Non-Significant"
"LOC102922692",-0.239999505875499,0.188727584516527,6.68050720745492,"Non-Significant"
"Man1a1",0.0654729303289656,0.620362369619412,6.67307131560703,"Non-Significant"
"LOC102918459",-0.40910865576625,0.224035202565088,6.66832325934839,"Non-Significant"
"LOC102925270",0.0459894341586526,0.842174059129459,6.63007460205542,"Non-Significant"
"LOC102904155",0.285027541396293,0.222940253642342,6.62191121810834,"Non-Significant"
"Enpp2",0.0633843259043765,0.726329420745178,6.60538305283507,"Non-Significant"
"P4hb",0.432217660590927,0.109191436438236,6.58905351476041,"Non-Significant"
"Cpn1",-0.230223527390077,0.240017015667651,6.49801878391743,"Non-Significant"
"Plt",0.286684850629744,0.162478838061005,6.48231057612236,"Non-Significant"
"C8a",-0.14285251798565,0.652559924312146,6.46857667562509,"Non-Significant"
"LOC102917436.1",0.0547674774813487,0.679519675640312,6.44795902600238,"Non-Significant"
"Blvrb",0.64959669785792,0.0198009210022975,6.44474320116608,"Significant"
"Hspa5",0.105214382648752,0.344770670182224,6.43771662752905,"Non-Significant"
"Prdx2",0.937114641557965,0.0153793900169294,6.43760808310684,"Significant"
"Dnmbp",1.09774029204898,0.127148543900827,6.41504795529293,"Non-Significant"
"Syne2",1.56817163860472,0.14745077457902,6.40953781863646,"Non-Significant"
"Gpx5",0.479287405017715,0.179641191149217,6.40161704535493,"Non-Significant"
"Thbs4",0.234710536239126,0.207562355585211,6.39338313561473,"Non-Significant"
"Lum",-0.337733802546319,0.0148199452398264,6.39000132788494,"Non-Significant"
"LOC102922753",-0.305805563550829,0.169346791565623,6.37880406819075,"Non-Significant"
"Gnptg",0.0931311713222396,0.30276589948096,6.36747436940062,"Non-Significant"
"LOC102903317",0.167571523669832,0.441710825845229,6.35292122310421,"Non-Significant"
"HBA",0.806093435881293,0.124553242594451,6.35052457168824,"Non-Significant"
"LOC102909039",-0.230067135845699,0.308920973069778,6.3426856256282,"Non-Significant"
"Smpd1",0.104167096631281,0.151536798974222,6.34220020595632,"Non-Significant"
"LOC102915118",-0.412439390082781,0.026518945224773,6.33300061481542,"Non-Significant"
"Agt",0.0565992027308191,0.334192970614969,6.33087292906656,"Non-Significant"
"Sod3",-0.2154134614079,0.21537596710672,6.33070388438002,"Non-Significant"
"LOC102906124",0.157108566935133,0.303082005226453,6.32504001716814,"Non-Significant"
"Psma7",0.0290589982129799,0.909800985803754,6.30996299324509,"Non-Significant"
"Apom",0.0984590450343532,0.709985043612882,6.30759232693849,"Non-Significant"
"L1cam",-0.185623639213921,0.50541981888572,6.28986020050999,"Non-Significant"
"Habp",-0.0865614035776741,0.59712654945822,6.28976702112918,"Non-Significant"
"Clec3b",-0.224962962865897,0.184452527201435,6.2892485098376,"Non-Significant"
"Fermt3",0.390402988096776,0.122694642638825,6.28689359516895,"Non-Significant"
"Prg4",0.174244535054319,0.483530771223297,6.28497128236793,"Non-Significant"
"Tcn2",0.186218623114968,0.386209190185044,6.27133282945116,"Non-Significant"
"Fbp1",0.619762102498724,0.0673122840224377,6.26445225600828,"Non-Significant"
"Il1rap",-0.00118432057917595,0.993065426673387,6.24251615544055,"Non-Significant"
"LOC102916027",-0.00451968982088857,0.993015685682156,6.23039782848591,"Non-Significant"
"LOC102915572",-0.174115779418486,0.778260991204388,6.19909914692594,"Non-Significant"
"Sord",0.508997008989066,0.0967369530862169,6.19294403465037,"Non-Significant"
"Pla2g2a",-0.125668180191871,0.573005877092183,6.180010272483,"Non-Significant"
"Fga",-0.0382762900473921,0.897432728478522,6.17377723627191,"Non-Significant"
"Efemp1",-0.0569404488433847,0.725043385718448,6.17324539851319,"Non-Significant"
"Lmtk2",-0.552118046130445,0.279128145790038,6.15838318763567,"Non-Significant"
"Masp1",0.0304719913848004,0.579118025045015,6.15211581644016,"Non-Significant"
"Tgfbi",-0.388435926144361,0.374315354666723,6.14665699653941,"Non-Significant"
"Sod1",0.857744459132091,0.1498793856003,6.13059871577612,"Non-Significant"
"Cetp",0.295506254035217,0.249750233578691,6.09928839925934,"Non-Significant"
"C1s",-0.0718064447666382,0.621985856862207,6.07451957132324,"Non-Significant"
"LOC102922906",0.644221105311779,0.187090732893889,6.06751028696455,"Non-Significant"
"LOC102915448",0.140182197589391,0.419333100675472,6.06656567247101,"Non-Significant"
"Hrg",-0.662984351775666,0.0932464017405926,6.05924598425683,"Non-Significant"
"",0.334407062191035,0.259446660373491,6.04506408646824,"Non-Significant"
"C2",0.185267084939355,0.155687477011797,6.038632850826,"Non-Significant"
"Fhl1",0.383707835868412,0.321314427408466,6.03426026923174,"Non-Significant"
"Calm2",0.718098291758146,0.0592050696823002,6.03359323777144,"Non-Significant"
"LOC102907317",0.0826157107674241,0.685408425553445,6.02098652616602,"Non-Significant"
"Igfals",-0.193457644860404,0.0202331160350266,6.00739380594273,"Non-Significant"
"Tkt",0.396850784629942,0.122501386627432,6.00414790174697,"Non-Significant"
"Pglyrp2",-0.0975841572325464,0.480399043365629,5.99815584859641,"Non-Significant"
"Prdx1",0.614925630293293,0.0490538025931574,5.99492382471738,"Significant"
"Cfl1",0.338026035968717,0.301051991576919,5.99394252893476,"Non-Significant"
"Atrn",0.129892029726694,0.328134958479555,5.99164740674219,"Non-Significant"
"Ca2",0.584316958515759,0.0302316695480168,5.9911195116628,"Non-Significant"
"Gp5",-0.234417183264286,0.24616947760151,5.983594317632,"Non-Significant"
"Psma5",-0.0381422011138373,0.818475212251469,5.97317134051011,"Non-Significant"
"Dpp4",0.585863451987217,0.0906277545277707,5.97086252771327,"Non-Significant"
"LOC10.1",-0.27918137928382,0.282735158592057,5.9675091183338,"Non-Significant"
"Actc1",0.346958099913596,0.242792612880392,5.96364478500531,"Non-Significant"
"Trpv3",-0.0791717478091911,0.382101226690077,5.95920383035442,"Non-Significant"
"Tuba4a",0.413367407596128,0.103906000856699,5.95624133574492,"Non-Significant"
"Adgrf5",-0.154717097131176,0.365060475102747,5.95424418075357,"Non-Significant"
"Tpm4",0.485241606587579,0.22294234848962,5.94259954984246,"Non-Significant"
"Psma3",-0.143757653188784,0.573415768818262,5.9290132995671,"Non-Significant"
"Ppia",0.339634881577522,0.169263224124364,5.92090851764186,"Non-Significant"
"Colec11",0.0682509707838843,0.551453975816748,5.91880488657957,"Non-Significant"
"Fbln1",0.0470459951414828,0.85970994295938,5.91037167691227,"Non-Significant"
"TfR1",0.0605328541200549,0.722671037102622,5.90146811421114,"Non-Significant"
"E",-0.441352058094967,0.0524179753712782,5.89182883578973,"Non-Significant"
"F7",0.118195896701341,0.693319855501399,5.89133035626,"Non-Significant"
"F9",-0.193123974174435,0.30618463314169,5.86907977464039,"Non-Significant"
"Sepp1",-0.312042961925957,0.00799967739042605,5.86797972779622,"Non-Significant"
"Pro",-0.144327011502147,0.324591425717899,5.83458635390184,"Non-Significant"
"Masp2",-0.122132661052113,0.0881161151042364,5.83180022512143,"Non-Significant"
"Angptl3",-0.0700334543706624,0.834307787984648,5.83063664558048,"Non-Significant"
"Pepd",0.164082132864728,0.189623284312799,5.82619592145601,"Non-Significant"
"Btd",0.0403707930910286,0.556332987077839,5.82561268958663,"Non-Significant"
"Pla2g7",0.321039970896633,0.165400499802635,5.81614790134305,"Non-Significant"
"Psma6",0.105269765733576,0.700658678043231,5.80497036175724,"Non-Significant"
"Klk1",-0.0750980313564451,0.694216317416785,5.79706555468321,"Non-Significant"
"Lcat",-0.165272877644441,0.444757505130686,5.79203614989754,"Non-Significant"
"Serpi",-0.273513388200913,0.168717242514704,5.78850694054669,"Non-Significant"
"Hsp",0.301501043098877,0.104716197532066,5.78411446720673,"Non-Significant"
"C1r",0.12904297693459,0.694097370448595,5.78245924798774,"Non-Significant"
"Idh1",0.454758176184162,0.0149624947846017,5.77787190115136,"Non-Significant"
"Cth",0.448862182424529,0.143331387437302,5.7708001909034,"Non-Significant"
"Qsox1",0.117281847720765,0.171974010052252,5.76392672728115,"Non-Significant"
"Psmb1",0.07093563184816,0.635282627372448,5.73914102841079,"Non-Significant"
"Psmb8",-0.0852287272243348,0.525646875152694,5.73488724028889,"Non-Significant"
"Psma4",0.264887467247005,0.235789999086255,5.72944056393778,"Non-Significant"
"Ctsd",0.223148528718886,0.0795999278935251,5.71842488018386,"Non-Significant"
"Lcp1",-0.0490034833698747,0.697084657812616,5.71396392654825,"Non-Significant"
"Eno1",0.400726219664531,0.126574898218752,5.7093163067933,"Non-Significant"
"F11",0.12404442399821,0.503847401382833,5.65763574272254,"Non-Significant"
"Tubb4a",0.524825190343543,0.0512052036047072,5.64489189831207,"Non-Significant"
